date,price,sector
2020-09-14,3.2799481539297526,Crypto
2020-09-15,3.1618702655939703,Crypto
2020-09-16,2.6145804329264397,Crypto
2020-09-17,2.619379193760901,Crypto
2020-09-18,2.9666335638887995,Crypto
2020-09-19,3.0687088283041937,Crypto
2020-09-20,2.882563724380976,Crypto
2020-09-21,2.77504567086142,Crypto
2020-09-22,2.880431942210397,Crypto
2020-09-23,2.8899049059714104,Crypto
2020-09-24,3.019110116518219,Crypto
2020-09-25,3.090996208211248,Crypto
2020-09-26,3.1209782662268943,Crypto
2020-09-27,3.1105967146144304,Crypto
2020-09-28,3.0651469460224567,Crypto
2020-09-29,2.964240488243563,Crypto
2020-09-30,2.902729699468637,Crypto
2020-10-01,2.8882609000418644,Crypto
2020-10-02,2.659349318040941,Crypto
2020-10-03,2.631403490437508,Crypto
2020-10-04,2.513845924042841,Crypto
2020-10-05,2.570345732343994,Crypto
2020-10-06,2.44746321044636,Crypto
2020-10-07,2.240954239705799,Crypto
2020-10-08,2.2627802111690083,Crypto
2020-10-09,2.483965861969768,Crypto
2020-10-10,2.506544080956747,Crypto
2020-10-11,2.4070501404337654,Crypto
2020-10-12,2.547964517882929,Crypto
2020-10-13,2.4566720294487294,Crypto
2020-10-14,2.3435500468139967,Crypto
2020-10-15,2.272186163399249,Crypto
2020-10-16,2.18156845240438,Crypto
2020-10-17,2.193176520265511,Crypto
2020-10-18,2.2206974270549105,Crypto
2020-10-19,2.101369628017776,Crypto
2020-10-20,1.9555469322321009,Crypto
2020-10-21,1.9306994808019289,Crypto
2020-10-22,1.997420075489404,Crypto
2020-10-23,1.9436574960450868,Crypto
2020-10-24,1.9287963745539671,Crypto
2020-10-25,1.863928847987837,Crypto
2020-10-26,1.778202755448138,Crypto
2020-10-27,1.6922642474096723,Crypto
2020-10-28,1.5665624596877996,Crypto
2020-10-29,1.5100271896657111,Crypto
2020-10-30,1.4161406102405416,Crypto
2020-10-31,1.5005796319792415,Crypto
2020-11-01,1.5660092844953728,Crypto
2020-11-02,1.5301460173759154,Crypto
2020-11-03,1.4452441682532808,Crypto
2020-11-04,1.3668761386394184,Crypto
2020-11-05,1.3988036097527206,Crypto
2020-11-06,1.6802283973003018,Crypto
2020-11-07,2.155190023629269,Crypto
2020-11-08,2.102429123721177,Crypto
2020-11-09,2.073751760589096,Crypto
2020-11-10,2.180745483410937,Crypto
2020-11-11,2.151507546839316,Crypto
2020-11-12,1.9569755909021456,Crypto
2020-11-13,1.9872178793561992,Crypto
2020-11-14,1.9459487120026169,Crypto
2020-11-15,2.062558412962,Crypto
2020-11-16,2.241376152013544,Crypto
2020-11-17,2.2351199975423204,Crypto
2020-11-18,2.1155909917649547,Crypto
2020-11-19,2.0958312299541046,Crypto
2020-11-20,2.14405431771066,Crypto
2020-11-21,2.237197738154817,Crypto
2020-11-22,2.198490524009483,Crypto
2020-11-23,2.254801595356939,Crypto
2020-11-24,2.280764607295059,Crypto
2020-11-25,2.3185128785516707,Crypto
2020-11-26,1.9033852256593533,Crypto
2020-11-27,1.8768959160564047,Crypto
2020-11-28,1.875222134761946,Crypto
2020-11-29,1.9004543130432872,Crypto
2020-11-30,1.9636630134044992,Crypto
2020-12-01,2.0171771385563617,Crypto
2020-12-02,2.078517322835783,Crypto
2020-12-03,2.141114190124265,Crypto
2020-12-04,1.9976901142564296,Crypto
2020-12-05,1.914642615597176,Crypto
2020-12-06,1.8835181772178755,Crypto
2020-12-07,1.84896956025104,Crypto
2020-12-08,1.741650296203619,Crypto
2020-12-09,1.628819394661414,Crypto
2020-12-10,1.602423458759899,Crypto
2020-12-11,1.4878140398891853,Crypto
2020-12-12,1.5027469798934063,Crypto
2020-12-13,1.5435635886816053,Crypto
2020-12-14,1.570274667541103,Crypto
2020-12-15,1.7157924357407404,Crypto
2020-12-16,1.6830199139626276,Crypto
2020-12-17,1.717379169203871,Crypto
2020-12-18,1.670882128588466,Crypto
2020-12-19,1.7125871092306415,Crypto
2020-12-20,1.6322060517689791,Crypto
2020-12-21,1.5526737267375488,Crypto
2020-12-22,1.5237898871013618,Crypto
2020-12-23,1.354442315386142,Crypto
2020-12-24,1.289887566826372,Crypto
2020-12-25,1.4088665341157631,Crypto
2020-12-26,1.3811644098286835,Crypto
2020-12-27,1.3225997187495635,Crypto
2020-12-28,1.3852060524298893,Crypto
2020-12-29,1.5611310934412628,Crypto
2020-12-30,1.590672227548525,Crypto
2020-12-31,1.5015877091525416,Crypto
2021-01-01,1.6507800387231375,Crypto
2021-01-02,1.805737526029236,Crypto
2021-01-03,2.040834430598343,Crypto
2021-01-04,2.223117588329372,Crypto
2021-01-05,2.2737047481185453,Crypto
2021-01-06,2.0509184742197903,Crypto
2021-01-07,2.272073308980728,Crypto
2021-01-08,2.8781419847494427,Crypto
2021-01-09,3.244880691200923,Crypto
2021-01-10,3.4508619743170192,Crypto
2021-01-11,3.018564789052764,Crypto
2021-01-12,3.4025204452932,Crypto
2021-01-13,3.445288052852,Crypto
2021-01-14,3.3753422874640564,Crypto
2021-01-15,3.285780571021572,Crypto
2021-01-16,3.434897052135028,Crypto
2021-01-17,3.6168647064480095,Crypto
2021-01-18,3.8872848614794178,Crypto
2021-01-19,3.8218948525445673,Crypto
2021-01-20,3.5960004771286425,Crypto
2021-01-21,3.408817535584145,Crypto
2021-01-22,3.217012435512664,Crypto
2021-01-23,3.4855915092759853,Crypto
2021-01-24,3.6315148270384223,Crypto
2021-01-25,3.6400486550939575,Crypto
2021-01-26,3.88355226962329,Crypto
2021-01-27,3.7612609265370858,Crypto
2021-01-28,3.8015871136052137,Crypto
2021-01-29,3.767509711099376,Crypto
2021-01-30,3.950431294517111,Crypto
2021-01-31,4.396309498269747,Crypto
2021-02-01,4.283035503460387,Crypto
2021-02-02,5.047174845782989,Crypto
2021-02-03,5.332179311286682,Crypto
2021-02-04,5.910764343778472,Crypto
2021-02-05,6.765209599088023,Crypto
2021-02-06,6.12759863841033,Crypto
2021-02-07,6.341295133210738,Crypto
2021-02-08,7.419491597303429,Crypto
2021-02-09,7.954662359563279,Crypto
2021-02-10,8.22920411084863,Crypto
2021-02-11,9.190564680137912,Crypto
2021-02-12,9.4614366387663,Crypto
2021-02-13,9.08839635886944,Crypto
2021-02-14,8.787842471387648,Crypto
2021-02-15,8.627663681045581,Crypto
2021-02-16,8.519435258051107,Crypto
2021-02-17,8.085094715044653,Crypto
2021-02-18,8.707993589531407,Crypto
2021-02-19,10.121205810568473,Crypto
2021-02-20,10.753439950354457,Crypto
2021-02-21,10.609548159172125,Crypto
2021-02-22,11.124504856246777,Crypto
2021-02-23,14.163636990078269,Crypto
2021-02-24,16.42262595340206,Crypto
2021-02-25,15.975298103221805,Crypto
2021-02-26,14.125048850208794,Crypto
2021-02-27,13.842142332085537,Crypto
2021-02-28,12.476359964139409,Crypto
2021-03-01,14.632363316973008,Crypto
2021-03-02,14.408321486783816,Crypto
2021-03-03,14.2384618622479,Crypto
2021-03-04,13.509923497772164,Crypto
2021-03-05,12.536615214558577,Crypto
2021-03-06,12.486523427882451,Crypto
2021-03-07,13.372308984059124,Crypto
2021-03-08,13.50873681961584,Crypto
2021-03-09,14.305268657942769,Crypto
2021-03-10,14.57196641326238,Crypto
2021-03-11,14.586738745266832,Crypto
2021-03-12,15.493648031791007,Crypto
2021-03-13,14.710136090708932,Crypto
2021-03-14,14.72633387846416,Crypto
2021-03-15,14.262965068893656,Crypto
2021-03-16,13.67892141575294,Crypto
2021-03-17,13.64701936775814,Crypto
2021-03-18,14.232005053854827,Crypto
2021-03-19,14.183605602082354,Crypto
2021-03-20,14.511058427094508,Crypto
2021-03-21,14.020844633576107,Crypto
2021-03-22,15.542120622094652,Crypto
2021-03-23,14.570326392260888,Crypto
2021-03-24,14.545923822870863,Crypto
2021-03-25,13.192503274591289,Crypto
2021-03-26,13.843747213316904,Crypto
2021-03-27,15.649111379154416,Crypto
2021-03-28,17.965227197580322,Crypto
2021-03-29,18.419071476743326,Crypto
2021-03-30,19.839116210224816,Crypto
2021-03-31,19.165172556836207,Crypto
2021-04-01,19.450044607833654,Crypto
2021-04-02,19.17511947541455,Crypto
2021-04-03,21.60927349648853,Crypto
2021-04-04,23.91487555102744,Crypto
2021-04-05,23.68291181091984,Crypto
2021-04-06,23.296122227139367,Crypto
2021-04-07,25.66601721569445,Crypto
2021-04-08,26.664137247428496,Crypto
2021-04-09,28.105300550359168,Crypto
2021-04-10,27.257663201339085,Crypto
2021-04-11,26.902820755281777,Crypto
2021-04-12,28.210226652282504,Crypto
2021-04-13,27.499486571149628,Crypto
2021-04-14,26.17482543116552,Crypto
2021-04-15,26.819261697422128,Crypto
2021-04-16,26.45067969363661,Crypto
2021-04-17,25.850592959074948,Crypto
2021-04-18,26.8987642978696,Crypto
2021-04-19,32.26674357458534,Crypto
2021-04-20,30.734461337793448,Crypto
2021-04-21,32.51141248294211,Crypto
2021-04-22,37.06321913363113,Crypto
2021-04-23,35.56457323224915,Crypto
2021-04-24,37.73825243078121,Crypto
2021-04-25,43.33976488104298,Crypto
2021-04-26,46.43712502747411,Crypto
2021-04-27,44.614809153518486,Crypto
2021-04-28,44.30078775453318,Crypto
2021-04-29,43.44208589640357,Crypto
2021-04-30,43.0665995353766,Crypto
2021-05-01,45.14225418898641,Crypto
2021-05-02,47.28049721323461,Crypto
2021-05-03,47.6128429557025,Crypto
2021-05-04,45.26396324866377,Crypto
2021-05-05,44.62300039346653,Crypto
2021-05-06,43.84416505748885,Crypto
2021-05-07,43.15695267511765,Crypto
2021-05-08,44.16786661732663,Crypto
2021-05-09,44.862243749471546,Crypto
2021-05-10,44.20103177165317,Crypto
2021-05-11,41.91200221455069,Crypto
2021-05-12,45.53665006696697,Crypto
2021-05-13,42.048395088975866,Crypto
2021-05-14,42.2855289591421,Crypto
2021-05-15,41.71600310034162,Crypto
2021-05-16,46.757666796289854,Crypto
2021-05-17,48.25321550032543,Crypto
2021-05-18,52.27137567027156,Crypto
2021-05-19,45.679054433744525,Crypto
2021-05-20,42.11932342736374,Crypto
2021-05-21,41.58323200941869,Crypto
2021-05-22,35.699565141137974,Crypto
2021-05-23,25.736004533238724,Crypto
2021-05-24,28.91068871995758,Crypto
2021-05-25,29.342935519837937,Crypto
2021-05-26,33.81383396241121,Crypto
2021-05-27,33.79372327664931,Crypto
2021-05-28,31.01042350109028,Crypto
2021-05-29,28.0563316226002,Crypto
2021-05-30,28.280152371583146,Crypto
2021-05-31,30.67697809016201,Crypto
2021-06-01,31.54190959604324,Crypto
2021-06-02,32.612101916819334,Crypto
2021-06-03,37.58716821781048,Crypto
2021-06-04,37.47037014736895,Crypto
2021-06-05,40.42949817840802,Crypto
2021-06-06,41.10932896624344,Crypto
2021-06-07,42.55661543306873,Crypto
2021-06-08,37.86081518673111,Crypto
2021-06-09,42.10363906524072,Crypto
2021-06-10,41.39831396093761,Crypto
2021-06-11,38.66714845342736,Crypto
2021-06-12,36.32501242666763,Crypto
2021-06-13,36.61820914014504,Crypto
2021-06-14,38.40990302026391,Crypto
2021-06-15,40.40044696787204,Crypto
2021-06-16,39.12104765631409,Crypto
2021-06-17,39.97388439793979,Crypto
2021-06-18,37.62639487269635,Crypto
2021-06-19,36.072461559954775,Crypto
2021-06-20,34.52148403919727,Crypto
2021-06-21,30.51393455155998,Crypto
2021-06-22,25.880632865372167,Crypto
2021-06-23,30.162940506530543,Crypto
2021-06-24,30.56868198954248,Crypto
2021-06-25,30.385555385915907,Crypto
2021-06-26,28.470805570710528,Crypto
2021-06-27,30.36018715799577,Crypto
2021-06-28,32.29443633628338,Crypto
2021-06-29,34.23937491307312,Crypto
2021-06-30,33.22702266634308,Crypto
2021-07-01,33.79876205312804,Crypto
2021-07-02,32.640271093096615,Crypto
2021-07-03,34.39147003305765,Crypto
2021-07-04,34.666940162593264,Crypto
2021-07-05,33.578455489802806,Crypto
2021-07-06,33.76121906816294,Crypto
2021-07-07,36.0581694675798,Crypto
2021-07-08,34.69756903501829,Crypto
2021-07-09,33.17150004989537,Crypto
2021-07-10,32.7359903970784,Crypto
2021-07-11,31.98483415333529,Crypto
2021-07-12,31.486696592096084,Crypto
2021-07-13,30.09611337989316,Crypto
2021-07-14,29.491025528262597,Crypto
2021-07-15,29.58681434392429,Crypto
2021-07-16,27.9327781895284,Crypto
2021-07-17,26.60219871550473,Crypto
2021-07-18,27.04532915479968,Crypto
2021-07-19,25.12853591088643,Crypto
2021-07-20,23.333948566511797,Crypto
2021-07-21,25.5727722467478,Crypto
2021-07-22,27.14355578293524,Crypto
2021-07-23,27.54917046456032,Crypto
2021-07-24,28.729121671395237,Crypto
2021-07-25,27.898037376681664,Crypto
2021-07-26,29.79000868548553,Crypto
2021-07-27,27.898306183541905,Crypto
2021-07-28,28.04468988194276,Crypto
2021-07-29,29.058581126435488,Crypto
2021-07-30,31.540861698943097,Crypto
2021-07-31,33.74294972032576,Crypto
2021-08-01,35.40141213717603,Crypto
2021-08-02,34.25500281351248,Crypto
2021-08-03,34.01990520744892,Crypto
2021-08-04,35.900390064531074,Crypto
2021-08-05,36.88376573811192,Crypto
2021-08-06,37.910680805133225,Crypto
2021-08-07,39.28296530750236,Crypto
2021-08-08,38.286547856251794,Crypto
2021-08-09,38.52815942079339,Crypto
2021-08-10,40.1768244732222,Crypto
2021-08-11,42.4070695401748,Crypto
2021-08-12,41.238283903254974,Crypto
2021-08-13,43.34607999859679,Crypto
2021-08-14,43.97093775376888,Crypto
2021-08-15,47.533157303855006,Crypto
2021-08-16,62.40886251887754,Crypto
2021-08-17,68.70173081884745,Crypto
2021-08-18,71.7958022097102,Crypto
2021-08-19,72.0149423566875,Crypto
2021-08-20,73.91269407336777,Crypto
2021-08-21,76.8848407173634,Crypto
2021-08-22,74.68654496920014,Crypto
2021-08-23,73.50466906897114,Crypto
2021-08-24,74.9293374915751,Crypto
2021-08-25,70.26889301709785,Crypto
2021-08-26,72.00009867133073,Crypto
2021-08-27,82.89885783191528,Crypto
2021-08-28,91.2967477342234,Crypto
2021-08-29,93.69671032258242,Crypto
2021-08-30,102.99761530459608,Crypto
2021-08-31,115.73209376440096,Crypto
2021-09-01,112.801943208818,Crypto
2021-09-02,118.76974284625648,Crypto
2021-09-03,140.08861001601392,Crypto
2021-09-04,143.79062478003317,Crypto
2021-09-05,139.86277037960235,Crypto
2021-09-06,148.93351918092915,Crypto
2021-09-07,176.9365435775761,Crypto
2021-09-08,171.45145331199015,Crypto
2021-09-09,201.24754913646112,Crypto
2021-09-10,182.2364249269677,Crypto
2021-09-11,183.0590759459122,Crypto
2021-09-12,177.33455094261348,Crypto
2021-09-13,161.4558604275227,Crypto
2021-09-14,161.49835128360397,Crypto
2021-09-15,159.6889306773269,Crypto
2021-09-16,156.0810106792235,Crypto
2021-09-17,144.274062988772,Crypto
2021-09-18,157.46437349569797,Crypto
2021-09-19,160.29314538614963,Crypto
2021-09-20,142.23874329980873,Crypto
2021-09-21,135.43473897266765,Crypto
2021-09-22,135.84884692531747,Crypto
2021-09-23,147.96238860103273,Crypto
2021-09-24,140.86809241345708,Crypto
2021-09-25,139.041693952116,Crypto
2021-09-26,134.2359517166086,Crypto
2021-09-27,141.98628838191337,Crypto
2021-09-28,134.21085553706504,Crypto
2021-09-29,136.55835457098692,Crypto
2021-09-30,138.4089142108214,Crypto
2021-10-01,150.48875675607812,Crypto
2021-10-02,164.34523185362207,Crypto
2021-10-03,172.1816352134149,Crypto
2021-10-04,168.42352345501683,Crypto
2021-10-05,165.99739100230906,Crypto
2021-10-06,157.93688601511627,Crypto
2021-10-07,155.9237926571205,Crypto
2021-10-08,160.63496945030815,Crypto
2021-10-09,158.6532111191892,Crypto
2021-10-10,154.21352540454856,Crypto
2021-10-11,148.27425574408764,Crypto
2021-10-12,145.16366322122067,Crypto
2021-10-13,147.49478296579807,Crypto
2021-10-14,150.93943836753684,Crypto
2021-10-15,157.92341825991716,Crypto
2021-10-16,159.5308326594606,Crypto
2021-10-17,161.4931676838966,Crypto
2021-10-18,158.37273301115397,Crypto
2021-10-19,156.67186366313612,Crypto
2021-10-20,163.01739868992345,Crypto
2021-10-21,185.67808656953235,Crypto
2021-10-22,202.45830024941984,Crypto
2021-10-23,198.99093757239527,Crypto
2021-10-24,193.92826766869587,Crypto
2021-10-25,208.50452505369807,Crypto
2021-10-26,207.0867006398892,Crypto
2021-10-27,193.5383882551622,Crypto
2021-10-28,193.74882685907676,Crypto
2021-10-29,200.036399219952,Crypto
2021-10-30,195.374334710476,Crypto
2021-10-31,193.6280700646328,Crypto
2021-11-01,204.42387205525648,Crypto
2021-11-02,207.49801699572348,Crypto
2021-11-03,230.41729705516428,Crypto
2021-11-04,241.8776114793998,Crypto
2021-11-05,239.1816745014064,Crypto
2021-11-06,247.35303528856875,Crypto
2021-11-07,252.4657372988728,Crypto
2021-11-08,246.1810508977554,Crypto
2021-11-09,244.68372529600143,Crypto
2021-11-10,239.50910662242464,Crypto
2021-11-11,239.425705396126,Crypto
2021-11-12,230.0761794392738,Crypto
2021-11-13,231.81289314107383,Crypto
2021-11-14,236.6753344063391,Crypto
2021-11-15,241.34759152316752,Crypto
2021-11-16,226.1787547650512,Crypto
2021-11-17,215.90145380448132,Crypto
2021-11-18,207.23380182127067,Crypto
2021-11-19,206.17482553721936,Crypto
2021-11-20,215.2860819105032,Crypto
2021-11-21,218.29850861927736,Crypto
2021-11-22,220.61556696183283,Crypto
2021-11-23,218.1189341303449,Crypto
2021-11-24,212.8886434716024,Crypto
2021-11-25,209.94024570810447,Crypto
2021-11-26,197.91537556522417,Crypto
2021-11-27,196.48995142081327,Crypto
2021-11-28,190.29362749043943,Crypto
2021-11-29,205.38184911702123,Crypto
2021-11-30,208.1216180761208,Crypto
2021-12-01,221.47180791405287,Crypto
2021-12-02,229.37768635873616,Crypto
2021-12-03,227.8395635626715,Crypto
2021-12-04,199.39845344164965,Crypto
2021-12-05,194.8339766780116,Crypto
2021-12-06,188.33201309275128,Crypto
2021-12-07,197.231035145639,Crypto
2021-12-08,190.8305579345185,Crypto
2021-12-09,187.43830048871047,Crypto
2021-12-10,177.25358582595143,Crypto
2021-12-11,170.05079967016005,Crypto
2021-12-12,171.5172424706354,Crypto
2021-12-13,162.97365465341107,Crypto
2021-12-14,156.3248121181545,Crypto
2021-12-15,166.47746278834003,Crypto
2021-12-16,181.51989323711288,Crypto
2021-12-17,177.254587923075,Crypto
2021-12-18,179.0289484252993,Crypto
2021-12-19,184.03981569125503,Crypto
2021-12-20,175.28938698056524,Crypto
2021-12-21,178.32962859329837,Crypto
2021-12-22,182.7681645214971,Crypto
2021-12-23,182.647608465184,Crypto
2021-12-24,190.95400068659924,Crypto
2021-12-25,192.5995573672648,Crypto
2021-12-26,196.57142534301252,Crypto
2021-12-27,200.31244067745425,Crypto
2021-12-28,187.26503521318904,Crypto
2021-12-29,176.23979951830702,Crypto
2021-12-30,173.07181461675535,Crypto
2021-12-31,172.91748445444227,Crypto
2022-01-01,173.98323584568467,Crypto
2022-01-02,176.75819515727565,Crypto
2022-01-03,172.82059567311745,Crypto
2022-01-04,169.70080719913423,Crypto
2022-01-05,166.28729711120437,Crypto
2022-01-06,150.67535944237932,Crypto
2022-01-07,140.61318167226017,Crypto
2022-01-08,142.2276591979384,Crypto
2022-01-09,142.03767344324635,Crypto
2022-01-10,138.35524043391888,Crypto
2022-01-11,138.13167867611452,Crypto
2022-01-12,145.02759729253697,Crypto
2022-01-13,150.97374388017897,Crypto
2022-01-14,146.92472395310412,Crypto
2022-01-15,146.83779855570072,Crypto
2022-01-16,148.78316516291676,Crypto
2022-01-17,142.58980681451663,Crypto
2022-01-18,138.6429920332513,Crypto
2022-01-19,137.325245171237,Crypto
2022-01-20,137.74863967227472,Crypto
2022-01-21,122.41731646363576,Crypto
2022-01-22,100.71490123275076,Crypto
2022-01-23,98.51927873787604,Crypto
2022-01-24,88.83156599273612,Crypto
2022-01-25,92.33679332126464,Crypto
2022-01-26,96.02755047578144,Crypto
2022-01-27,90.09163813307484,Crypto
2022-01-28,90.9914930915917,Crypto
2022-01-29,95.29650343131937,Crypto
2022-01-30,94.97267415001618,Crypto
2022-01-31,93.5800070369298,Crypto
2022-02-01,107.29286346693767,Crypto
2022-02-02,108.07315622199664,Crypto
2022-02-03,98.3655472998144,Crypto
2022-02-04,106.12547365214284,Crypto
2022-02-05,114.42833280210785,Crypto
2022-02-06,113.94807932141224,Crypto
2022-02-07,118.08705642901748,Crypto
2022-02-08,114.6025284290228,Crypto
2022-02-09,113.45710387185088,Crypto
2022-02-10,111.49565256126844,Crypto
2022-02-11,104.11242361125156,Crypto
2022-02-12,96.3513846509544,Crypto
2022-02-13,95.47405006764156,Crypto
2022-02-14,94.57860800481744,Crypto
2022-02-15,101.78851478657738,Crypto
2022-02-16,102.15039733350343,Crypto
2022-02-17,98.18937755873787,Crypto
2022-02-18,93.31731295093026,Crypto
2022-02-19,90.99585602013036,Crypto
2022-02-20,89.78061889074553,Crypto
2022-02-21,91.01938609036624,Crypto
2022-02-22,84.38084357239416,Crypto
2022-02-23,89.06428706842672,Crypto
2022-02-24,83.71845549402362,Crypto
2022-02-25,89.84545772946989,Crypto
2022-02-26,91.66451263782416,Crypto
2022-02-27,88.36029608700643,Crypto
2022-02-28,91.52289366264232,Crypto
2022-03-01,97.6842322020684,Crypto
2022-03-02,102.03383310480191,Crypto
2022-03-03,98.10542694798556,Crypto
2022-03-04,91.50293155579736,Crypto
2022-03-05,88.93185704505278,Crypto
2022-03-06,87.54769479884887,Crypto
2022-03-07,83.16956035357246,Crypto
2022-03-08,83.17380354778538,Crypto
2022-03-09,87.35628776323455,Crypto
2022-03-10,83.37300880207766,Crypto
2022-03-11,81.80409605790048,Crypto
2022-03-12,81.70591581537325,Crypto
2022-03-13,81.21466200300061,Crypto
2022-03-14,80.30055514808824,Crypto
2022-03-15,81.18863604483165,Crypto
2022-03-16,84.0073359207013,Crypto
2022-03-17,88.50972452583343,Crypto
2022-03-18,87.49633610847087,Crypto
2022-03-19,91.45876287081909,Crypto
2022-03-20,90.26173118653846,Crypto
2022-03-21,89.01569387964074,Crypto
2022-03-22,91.44273802516976,Crypto
2022-03-23,92.32717130105152,Crypto
2022-03-24,99.10781590708024,Crypto
2022-03-25,101.67717432796832,Crypto
2022-03-26,100.91357008479658,Crypto
2022-03-27,102.2481030191238,Crypto
2022-03-28,109.51477054889467,Crypto
2022-03-29,111.3299859293722,Crypto
2022-03-30,115.53786863233566,Crypto
2022-03-31,123.9556444012531,Crypto
2022-04-01,128.38599273864233,Crypto
2022-04-02,136.76068507284984,Crypto
2022-04-03,136.90300039308957,Crypto
2022-04-04,133.52153925167767,Crypto
2022-04-05,132.02723514853145,Crypto
2022-04-06,121.56169654942408,Crypto
2022-04-07,115.76692850007412,Crypto
2022-04-08,117.08318873176744,Crypto
2022-04-09,110.62114568546367,Crypto
2022-04-10,112.68131638525132,Crypto
2022-04-11,105.7277770872343,Crypto
2022-04-12,103.09164932543968,Crypto
2022-04-13,104.03563306041448,Crypto
2022-04-14,103.73736778416944,Crypto
2022-04-15,101.49127033735984,Crypto
2022-04-16,101.97824073825528,Crypto
2022-04-17,102.80576894404652,Crypto
2022-04-18,99.2757003058988,Crypto
2022-04-19,104.36950782110144,Crypto
2022-04-20,107.61836948435052,Crypto
2022-04-21,106.30012752352135,Crypto
2022-04-22,101.73710666462236,Crypto
2022-04-23,101.44779626577832,Crypto
2022-04-24,100.95758328736824,Crypto
2022-04-25,97.84939005312206,Crypto
2022-04-26,99.26083369495537,Crypto
2022-04-27,98.09536827596304,Crypto
2022-04-28,98.93167188077088,Crypto
2022-04-29,96.19799983358396,Crypto
2022-04-30,92.724686744478,Crypto
2022-05-01,88.65545973108378,Crypto
2022-05-02,88.37105564717315,Crypto
2022-05-03,87.30801605283978,Crypto
2022-05-04,88.13041694970703,Crypto
2022-05-05,89.77296377448583,Crypto
2022-05-06,82.45199074699873,Crypto
2022-05-07,81.1198205122321,Crypto
2022-05-08,77.61215522720714,Crypto
2022-05-09,71.4465943551734,Crypto
2022-05-10,68.37820716334957,Crypto
2022-05-11,58.61429136384271,Crypto
2022-05-12,44.96469813599919,Crypto
2022-05-13,50.9187699108253,Crypto
2022-05-14,49.91000927226871,Crypto
2022-05-15,53.01933179275148,Crypto
2022-05-16,54.61797822809582,Crypto
2022-05-17,55.78449281022185,Crypto
2022-05-18,53.36423691069598,Crypto
2022-05-19,51.140213566106695,Crypto
2022-05-20,51.08191136232813,Crypto
2022-05-21,49.8879431350664,Crypto
2022-05-22,51.18830332224931,Crypto
2022-05-23,52.468637246029786,Crypto
2022-05-24,49.4187767739358,Crypto
2022-05-25,48.80755843606427,Crypto
2022-05-26,45.52541812266016,Crypto
2022-05-27,41.80009351056393,Crypto
2022-05-28,42.32849117403156,Crypto
2022-05-29,43.77770929978495,Crypto
2022-05-30,46.11864049205909,Crypto
2022-05-31,46.35086542362412,Crypto
2022-06-01,43.65666922784448,Crypto
2022-06-02,40.11779051967233,Crypto
2022-06-03,39.252327311892685,Crypto
2022-06-04,37.4538845261627,Crypto
2022-06-05,39.10629835069588,Crypto
2022-06-06,42.38378663024178,Crypto
2022-06-07,39.38662489931922,Crypto
2022-06-08,39.236660913033326,Crypto
2022-06-09,39.93051172112432,Crypto
2022-06-10,38.86313072876861,Crypto
2022-06-11,35.7902735064045,Crypto
2022-06-12,32.68250967890164,Crypto
2022-06-13,28.07695905738676,Crypto
2022-06-14,29.207694334642653,Crypto
2022-06-15,29.521878234840237,Crypto
2022-06-16,32.29777821806245,Crypto
2022-06-17,31.143462565809912,Crypto
2022-06-18,29.766939899437578,Crypto
2022-06-19,31.733810086346665,Crypto
2022-06-20,34.06995665949661,Crypto
2022-06-21,36.81075757207964,Crypto
2022-06-22,34.98406793940268,Crypto
2022-06-23,36.50859891375456,Crypto
2022-06-24,39.744787922940006,Crypto
2022-06-25,41.39637023997385,Crypto
2022-06-26,40.828065727847566,Crypto
2022-06-27,39.51435126912472,Crypto
2022-06-28,37.658131011891406,Crypto
2022-06-29,34.79333982826294,Crypto
2022-06-30,32.17245247742584,Crypto
2022-07-01,33.10031246647313,Crypto
2022-07-02,32.81292260138157,Crypto
2022-07-03,32.879911513014,Crypto
2022-07-04,33.93782886355085,Crypto
2022-07-06,35.97600272219712,Crypto
2022-07-07,37.55118088189743,Crypto
2022-07-08,38.07368470390704,Crypto
2022-07-09,38.3688306483634,Crypto
2022-07-10,37.13024841596061,Crypto
2022-07-11,35.23387373372699,Crypto
2022-07-12,33.66893806729617,Crypto
2022-07-13,33.436141051337025,Crypto
2022-07-14,34.98275231315459,Crypto
2022-07-15,37.572447921406784,Crypto
2022-07-16,37.77922492701773,Crypto
2022-07-17,39.51111020413207,Crypto
2022-07-18,41.10886562075109,Crypto
2022-07-19,44.93268850221832,Crypto
2022-07-20,44.50346523234544,Crypto
2022-07-21,41.87735029934413,Crypto
2022-07-22,42.45031738512439,Crypto
2022-07-23,40.46886239736912,Crypto
2022-07-24,40.705354302312784,Crypto
2022-07-25,38.64654939101151,Crypto
2022-07-26,35.74526065072249,Crypto
2022-07-27,37.29718524113855,Crypto
2022-07-28,40.79248443233576,Crypto
2022-07-29,42.63388210850397,Crypto
2022-07-30,43.48667257272406,Crypto
2022-07-31,43.80468327366241,Crypto
2022-08-01,42.19595623421609,Crypto
2022-08-02,40.87334913872655,Crypto
2022-08-03,39.41155275027237,Crypto
2022-08-04,38.881887405016606,Crypto
2022-08-05,40.04184850054865,Crypto
2022-08-06,40.47241596876815,Crypto
2022-08-07,40.25554071551868,Crypto
2022-08-08,42.3136193693239,Crypto
2022-08-09,41.282605800093606,Crypto
2022-08-10,40.79191912889383,Crypto
2022-08-11,43.75546873068471,Crypto
2022-08-12,43.399483223945325,Crypto
2022-08-13,46.89295016971301,Crypto
2022-08-14,46.25934967894093,Crypto
2022-08-15,44.56435253634576,Crypto
2022-08-16,43.38200195791124,Crypto
2022-08-17,42.39575841233442,Crypto
2022-08-18,40.90536457726026,Crypto
2022-08-19,37.12925108633381,Crypto
2022-08-20,36.25913270994498,Crypto
2022-08-21,35.87086537634836,Crypto
2022-08-22,35.09397380235002,Crypto
2022-08-23,35.34928116273316,Crypto
2022-08-24,35.33624500815047,Crypto
2022-08-25,35.75734386061713,Crypto
2022-08-26,34.102318684469616,Crypto
2022-08-27,31.679309531874104,Crypto
2022-08-28,31.660156343512572,Crypto
2022-08-29,31.12610717004275,Crypto
2022-08-30,32.092420340503416,Crypto
2022-08-31,32.190966232739925,Crypto
2022-09-01,31.209229866103044,Crypto
2022-09-02,31.52911104649787,Crypto
2022-09-03,31.10549613719732,Crypto
2022-09-04,31.607242207471337,Crypto
2022-09-05,31.832346026637303,Crypto
2022-09-06,32.47525112330044,Crypto
2022-09-07,31.48008543463208,Crypto
2022-09-08,32.94340941274558,Crypto
2022-09-09,34.92615781978574,Crypto
2022-09-10,34.8526691416599,Crypto
2022-09-11,35.02269529943771,Crypto
2022-09-12,36.60872135030312,Crypto
2022-09-13,36.46592429977814,Crypto
2022-09-14,33.511605812168966,Crypto
2022-09-15,33.567390820273204,Crypto
2022-09-16,32.55454657768859,Crypto
2022-09-17,33.00733904366815,Crypto
2022-09-18,33.0432603072844,Crypto
2022-09-19,31.725500484146234,Crypto
2022-09-20,32.138249932429694,Crypto
2022-09-21,31.68716581349489,Crypto
2022-09-22,31.81020111121584,Crypto
2022-09-23,32.373412507969995,Crypto
2022-09-24,33.86237299411156,Crypto
2022-09-25,33.319791349272656,Crypto
2022-09-26,32.87862175163278,Crypto
2022-09-27,34.04945072543972,Crypto
2022-09-28,32.73617088722326,Crypto
2022-09-29,33.650646930487866,Crypto
2022-09-30,34.05775258903086,Crypto
2022-10-01,32.87696554771223,Crypto
2022-10-02,32.63920012168608,Crypto
2022-10-03,32.59811120409636,Crypto
2022-10-04,33.669501848292896,Crypto
2022-10-05,33.8710291692602,Crypto
2022-10-06,33.978248003323365,Crypto
2022-10-07,33.21237131236945,Crypto
2022-10-08,32.84885811578108,Crypto
2022-10-09,32.81015099006603,Crypto
2022-10-10,32.70959030304103,Crypto
2022-10-11,31.44084704672592,Crypto
2022-10-12,31.165278966362557,Crypto
2022-10-13,30.096485822699503,Crypto
2022-10-14,31.007633672865644,Crypto
2022-10-15,29.924343267915155,Crypto
2022-10-16,29.9426317414664,Crypto
2022-10-17,30.54237365613333,Crypto
2022-10-18,30.682642661498136,Crypto
2022-10-19,29.840791485487465,Crypto
2022-10-20,28.912891286139832,Crypto
2022-10-21,27.85520603398876,Crypto
2022-10-22,27.893298614636624,Crypto
2022-10-23,28.389778589660025,Crypto
2022-10-24,28.648709288190226,Crypto
2022-10-25,29.362039132378086,Crypto
2022-10-26,31.245025211418355,Crypto
2022-10-27,31.366858632500847,Crypto
2022-10-28,31.05405334403022,Crypto
2022-10-29,32.87141993601362,Crypto
2022-10-30,32.61164311192561,Crypto
2022-10-31,33.00985718789808,Crypto
2022-11-01,32.629740552131395,Crypto
2022-11-02,31.541796986268004,Crypto
2022-11-03,31.41499171441623,Crypto
2022-11-04,32.57949717987589,Crypto
2022-11-05,35.60665202795594,Crypto
2022-11-06,35.32119783473825,Crypto
2022-11-07,31.80748736232441,Crypto
2022-11-08,27.029660274521003,Crypto
2022-11-09,18.293044094386744,Crypto
2022-11-10,15.782199918519972,Crypto
2022-11-11,16.789160619174112,Crypto
2022-11-12,15.299234224834084,Crypto
2022-11-13,13.947308571611028,Crypto
2022-11-14,13.687664106373097,Crypto
2022-11-15,14.375413342566228,Crypto
2022-11-16,14.200454377352678,Crypto
2022-11-17,13.91107205507688,Crypto
2022-11-18,13.471032673360428,Crypto
2022-11-19,12.86353151600952,Crypto
2022-11-20,12.802695049895418,Crypto
2022-11-21,11.81140203625508,Crypto
2022-11-22,11.68143854309026,Crypto
2022-11-23,13.255475653616305,Crypto
2022-11-24,14.372466480395667,Crypto
2022-11-25,14.1604478566227,Crypto
2022-11-26,14.393281220670348,Crypto
2022-11-27,14.307303750923497,Crypto
2022-11-28,13.384336438105867,Crypto
2022-11-29,13.526572578741044,Crypto
2022-11-30,13.667728339056485,Crypto
2022-12-01,13.752032442357264,Crypto
2022-12-02,13.577060926629803,Crypto
2022-12-03,13.553294039954464,Crypto
2022-12-04,13.496487184562078,Crypto
2022-12-05,13.915521389661594,Crypto
2022-12-06,14.05566105686802,Crypto
2022-12-07,13.759466218922965,Crypto
2022-12-08,13.526344344299792,Crypto
2022-12-09,13.717374876116764,Crypto
2022-12-10,13.631929514065144,Crypto
2022-12-11,13.645855353526116,Crypto
2022-12-12,13.170013784409704,Crypto
2022-12-13,13.42428207979532,Crypto
2022-12-14,14.139447222286575,Crypto
2022-12-15,14.102750991981132,Crypto
2022-12-16,13.441259370739116,Crypto
2022-12-17,12.304244684781583,Crypto
2022-12-18,12.427833998090572,Crypto
2022-12-19,12.220104378056568,Crypto
2022-12-20,12.27110206387137,Crypto
2022-12-21,12.071429821351368,Crypto
2022-12-22,11.994027651908704,Crypto
2022-12-23,11.880071504907448,Crypto
2022-12-24,11.4699090656596,Crypto
2022-12-25,11.416130246448724,Crypto
2022-12-26,11.289729343433976,Crypto
2022-12-27,11.101817867649045,Crypto
2022-12-28,10.163019506492809,Crypto
2022-12-29,9.376193016315163,Crypto
2022-12-30,9.562546460756897,Crypto
2022-12-31,9.914893346558642,Crypto
2023-01-02,11.25556217918815,Crypto
2023-01-03,12.16045841335856,Crypto
2023-01-04,13.53352441291066,Crypto
2023-01-05,13.266101419934214,Crypto
2023-01-06,13.187297123042685,Crypto
2023-01-07,13.235780648929072,Crypto
2023-01-08,13.495981732647111,Crypto
2023-01-09,16.269066908606025,Crypto
2023-01-10,16.175514607100748,Crypto
2023-01-11,15.96638602427216,Crypto
2023-01-12,16.29183816917088,Crypto
2023-01-13,16.926185915891278,Crypto
2023-01-14,22.522397065062705,Crypto
2023-01-15,23.04037818232084,Crypto
2023-01-16,23.416356013058383,Crypto
2023-01-17,23.39531287043293,Crypto
2023-01-18,22.40940842221238,Crypto
2023-01-19,21.24644741827984,Crypto
2023-01-20,21.982240624002888,Crypto
2023-01-21,25.263800438224944,Crypto
2023-01-22,24.92724679015729,Crypto
2023-01-23,24.46511800150018,Crypto
2023-01-24,24.43921017152644,Crypto
2023-01-25,23.455884265290432,Crypto
2023-01-26,24.55467902620092,Crypto
2023-01-27,24.01488686065777,Crypto
2023-01-28,24.276138303534395,Crypto
2023-01-29,24.874044757933035,Crypto
2023-01-30,24.66431591852705,Crypto
2023-01-31,23.983183657599767,Crypto
2023-02-01,23.722693494184814,Crypto
2023-02-02,25.087569726565693,Crypto
2023-02-03,24.498238642996203,Crypto
2023-02-04,24.60540830777809,Crypto
2023-02-05,23.974006612739704,Crypto
2023-02-06,23.282754358731903,Crypto
2023-02-07,23.224846176003595,Crypto
2023-02-08,23.562195209493048,Crypto
2023-02-09,22.45852142887949,Crypto
2023-02-10,20.75479598777108,Crypto
2023-02-11,20.425506152858272,Crypto
2023-02-12,21.20579482577004,Crypto
2023-02-13,20.661214646532017,Crypto
2023-02-14,21.36359700728346,Crypto
2023-02-15,22.242613434336533,Crypto
2023-02-16,23.559570871571008,Crypto
2023-02-17,22.803746223422053,Crypto
2023-02-18,23.38824437862878,Crypto
2023-02-19,24.059024823324023,Crypto
2023-02-20,26.104197780456182,Crypto
2023-02-21,25.48143251350069,Crypto
2023-02-22,23.91626739257497,Crypto
2023-02-23,24.158622693674296,Crypto
2023-02-24,23.5235314305858,Crypto
2023-02-25,22.617692393161143,Crypto
2023-02-26,22.83099460521881,Crypto
2023-02-27,22.860625704627733,Crypto
2023-02-28,22.352493742494843,Crypto
2023-03-01,22.45694757760504,Crypto
2023-03-02,22.02181578092308,Crypto
2023-03-03,21.216151296746727,Crypto
2023-03-04,21.103902429518705,Crypto
2023-03-05,21.272482897471967,Crypto
2023-03-06,20.81191027632812,Crypto
2023-03-07,20.466589737064893,Crypto
2023-03-08,19.29567755473545,Crypto
2023-03-09,18.22348652238751,Crypto
2023-03-10,17.260832618028918,Crypto
2023-03-11,17.875573685339734,Crypto
2023-03-12,18.37958784314459,Crypto
2023-03-13,20.011941007291767,Crypto
2023-03-14,20.76179478762373,Crypto
2023-03-15,20.313681808673977,Crypto
2023-03-16,19.5005712971293,Crypto
2023-03-17,20.272207865975737,Crypto
2023-03-18,22.19469459479997,Crypto
2023-03-19,21.885088436649603,Crypto
2023-03-20,22.76647092844515,Crypto
2023-03-21,22.505261452868023,Crypto
2023-03-22,22.30014797615588,Crypto
2023-03-23,21.827632410748063,Crypto
2023-03-24,21.48945617818564,Crypto
2023-03-25,20.651750333105856,Crypto
2023-03-26,20.842816387068183,Crypto
2023-03-27,20.322196014893763,Crypto
2023-03-28,20.089442001993,Crypto
2023-03-29,21.081559849837745,Crypto
2023-03-30,20.757617542963764,Crypto
2023-03-31,20.675919186205245,Crypto
2023-04-01,21.077356309095297,Crypto
2023-04-02,20.877120023728708,Crypto
2023-04-03,20.36221044239892,Crypto
2023-04-04,20.76037274531856,Crypto
2023-04-05,21.04562010799475,Crypto
2023-04-06,20.74388840150577,Crypto
2023-04-07,20.503785579972952,Crypto
2023-04-08,20.47739260405012,Crypto
2023-04-09,20.234537823959787,Crypto
2023-04-10,20.405517355057658,Crypto
2023-04-11,22.5057929649844,Crypto
2023-04-12,23.542757928341207,Crypto
2023-04-13,24.37118714807292,Crypto
2023-04-14,24.788018224016927,Crypto
2023-04-15,24.30862644094038,Crypto
2023-04-16,24.47301411468989,Crypto
2023-04-17,25.0908501898144,Crypto
2023-04-18,24.83476969640901,Crypto
2023-04-19,23.63419740962628,Crypto
2023-04-20,22.531000533710465,Crypto
2023-04-21,21.944934154494646,Crypto
2023-04-22,21.567216091069493,Crypto
2023-04-23,21.793403509967863,Crypto
2023-04-24,21.55078302864716,Crypto
2023-04-25,21.16087913671286,Crypto
2023-04-26,22.119313346897865,Crypto
2023-04-27,21.9326905078662,Crypto
2023-04-28,22.694308956117386,Crypto
2023-04-29,23.38091336956696,Crypto
2023-04-30,23.43783987605645,Crypto
2023-05-01,22.14608036212769,Crypto
2023-05-02,22.046454457568004,Crypto
2023-05-03,21.741668022099823,Crypto
2023-05-04,22.065286548410157,Crypto
2023-05-05,22.233726314876783,Crypto
2023-05-06,22.45364097810714,Crypto
2023-05-07,22.2855133726725,Crypto
2023-05-08,21.144528480876904,Crypto
2023-05-09,20.67796067382556,Crypto
2023-05-10,20.851557899622943,Crypto
2023-05-11,20.408679038159587,Crypto
2023-05-12,20.321725253159848,Crypto
2023-05-13,21.05009490480749,Crypto
2023-05-14,21.03307335261564,Crypto
2023-05-15,21.25443704334316,Crypto
2023-05-16,20.81812224834584,Crypto
2023-05-17,20.79098920156136,Crypto
2023-05-18,20.697709058106597,Crypto
2023-05-19,20.40101596012025,Crypto
2023-05-20,20.25263760119781,Crypto
2023-05-21,20.10503796868552,Crypto
2023-05-22,19.678243625561024,Crypto
2023-05-23,19.91784408258352,Crypto
2023-05-24,19.407589661230084,Crypto
2023-05-25,19.29143900345522,Crypto
2023-05-26,19.31927669357415,Crypto
2023-05-27,19.591010021137603,Crypto
2023-05-28,20.57729933353568,Crypto
2023-05-29,20.65146572001454,Crypto
2023-05-30,21.038619910894795,Crypto
2023-05-31,20.7672915807868,Crypto
2023-06-01,20.69835147885196,Crypto
2023-06-02,21.065371595004688,Crypto
2023-06-03,21.15684516791717,Crypto
2023-06-04,21.741334477577727,Crypto
2023-06-05,21.05761572860473,Crypto
2023-06-06,20.05029572081149,Crypto
2023-06-07,19.6316831696546,Crypto
2023-06-08,18.76042898194058,Crypto
2023-06-09,18.520991626064028,Crypto
2023-06-10,15.288675488857242,Crypto
2023-06-11,15.591048325770243,Crypto
2023-06-12,15.247458149844809,Crypto
2023-06-13,15.222165274610733,Crypto
2023-06-14,15.043943197822882,Crypto
2023-06-15,14.667671760633256,Crypto
2023-06-16,14.92963406210942,Crypto
2023-06-17,15.684049507657123,Crypto
2023-06-18,15.666155287485823,Crypto
2023-06-19,15.625340734849203,Crypto
2023-06-20,16.10059528804283,Crypto
2023-06-21,16.89396624072315,Crypto
2023-06-22,17.12764198150783,Crypto
2023-06-23,16.80047895854213,Crypto
2023-06-24,17.048831569216045,Crypto
2023-06-25,17.035895210024822,Crypto
2023-06-26,16.67092877801286,Crypto
2023-06-27,16.588412208191222,Crypto
2023-06-28,16.192972329939256,Crypto
2023-06-29,17.073945415492144,Crypto
2023-06-30,18.776249935241825,Crypto
2023-07-01,18.387495551838764,Crypto
2023-07-02,19.145886511531167,Crypto
2023-07-03,19.30733440555758,Crypto
2023-07-04,19.36620788928373,Crypto
2023-07-05,18.97327251075565,Crypto
2023-07-06,19.842918260548696,Crypto
2023-07-07,20.60104326593548,Crypto
2023-07-08,21.816668643213006,Crypto
2023-07-09,21.58322603436984,Crypto
2023-07-10,21.06111587104525,Crypto
2023-07-11,21.943079498276013,Crypto
2023-07-12,22.132198924635446,Crypto
2023-07-13,23.21466620134954,Crypto
2023-07-14,27.769755277069525,Crypto
2023-07-15,27.97501912492292,Crypto
2023-07-16,27.792698154714504,Crypto
2023-07-17,27.21602367291956,Crypto
2023-07-18,25.80404488268119,Crypto
2023-07-19,26.35544428216604,Crypto
2023-07-20,26.349186727727343,Crypto
2023-07-21,25.45635861360134,Crypto
2023-07-22,25.59169273246024,Crypto
2023-07-23,24.75694332848292,Crypto
2023-07-24,23.878638635586217,Crypto
2023-07-25,23.26180566335144,Crypto
2023-07-26,24.213141248244018,Crypto
2023-07-27,25.15012535600715,Crypto
2023-07-28,24.930768400343684,Crypto
2023-07-29,25.13383932113688,Crypto
2023-07-30,24.866475349226484,Crypto
2023-07-31,24.26433672046582,Crypto
2023-08-01,23.486963666965416,Crypto
2023-08-02,23.492595858870708,Crypto
2023-08-03,22.907249540450564,Crypto
2023-08-04,22.94937410654489,Crypto
2023-08-05,22.68537446333936,Crypto
2023-08-06,23.05974830071283,Crypto
2023-08-07,23.042887866025147,Crypto
2023-08-08,23.58387107370432,Crypto
2023-08-09,24.492890614127944,Crypto
2023-08-10,24.451210233933583,Crypto
2023-08-11,24.571718508329184,Crypto
2023-08-12,24.629582446667715,Crypto
2023-08-13,24.66716254798392,Crypto
2023-08-14,24.598171565416006,Crypto
2023-08-15,24.7016050559382,Crypto
2023-08-16,23.362716360130296,Crypto
2023-08-17,22.98049769410437,Crypto
2023-08-18,21.7175129979029,Crypto
2023-08-19,21.73403624153821,Crypto
2023-08-20,21.841331880256806,Crypto
2023-08-21,21.296014447672007,Crypto
2023-08-22,20.79673116658807,Crypto
2023-08-23,20.93738046209635,Crypto
2023-08-24,21.43664482801252,Crypto
2023-08-25,20.567979951245597,Crypto
2023-08-26,20.320133126191944,Crypto
2023-08-27,20.58333441771881,Crypto
2023-08-28,20.48106535476965,Crypto
2023-08-29,20.897364676070023,Crypto
2023-08-30,21.28097775371769,Crypto
2023-08-31,20.42043010635465,Crypto
2023-09-01,19.617265936364245,Crypto
2023-09-02,19.504069429669617,Crypto
2023-09-03,19.50211180515504,Crypto
2023-09-04,19.592973264341143,Crypto
2023-09-05,19.749529462691697,Crypto
2023-09-06,19.753860211596155,Crypto
2023-09-07,19.624050985042885,Crypto
2023-09-08,19.714958740236643,Crypto
2023-09-09,19.52426977121968,Crypto
2023-09-10,18.505840438557488,Crypto
2023-09-11,17.891550817565367,Crypto
2023-09-12,18.004191426179137,Crypto
2023-09-13,18.14916030730945,Crypto
2023-09-14,18.87858928887948,Crypto
2023-09-15,18.969440277575995,Crypto
2023-09-16,19.125746527907065,Crypto
2023-09-17,18.96188371168132,Crypto
2023-09-18,19.456304476488075,Crypto
2023-09-19,19.962846652542225,Crypto
2023-09-20,20.10873648455579,Crypto
2023-09-21,19.746480531640028,Crypto
2023-09-22,19.54354845376324,Crypto
2023-09-23,19.46278776364037,Crypto
2023-09-24,19.57192052638712,Crypto
2023-09-25,19.483131518912945,Crypto
2023-09-26,19.27034841262133,Crypto
2023-09-27,19.02816335529316,Crypto
2023-09-28,19.38424709660079,Crypto
2023-09-29,20.186811349503063,Crypto
2023-09-30,20.76671011493056,Crypto
2023-10-01,22.346927029650665,Crypto
2023-10-02,23.92146772882312,Crypto
2023-10-03,23.852101246909697,Crypto
2023-10-04,23.1895140212697,Crypto
2023-10-05,23.073913992829304,Crypto
2023-10-06,23.278693953428323,Crypto
2023-10-07,23.504908936797417,Crypto
2023-10-08,23.39983290866357,Crypto
2023-10-09,22.60744044995676,Crypto
2023-10-10,22.11988084047349,Crypto
2023-10-11,22.07456381129333,Crypto
2023-10-12,21.465343356555252,Crypto
2023-10-13,21.481041465768406,Crypto
2023-10-14,22.01123285939449,Crypto
2023-10-15,21.91954587012749,Crypto
2023-10-16,23.060023311543464,Crypto
2023-10-17,24.061451383557348,Crypto
2023-10-18,23.85808176179544,Crypto
2023-10-19,24.245800103143957,Crypto
2023-10-20,26.4863297788233,Crypto
2023-10-21,28.42127868558652,Crypto
2023-10-22,28.98571129067867,Crypto
2023-10-23,29.938841905365145,Crypto
2023-10-24,31.21059601722881,Crypto
2023-10-25,32.10182650291414,Crypto
2023-10-26,32.14349926619405,Crypto
2023-10-27,32.31878931944858,Crypto
2023-10-28,32.01437787024373,Crypto
2023-10-29,32.36401704679666,Crypto
2023-10-30,34.084716789645846,Crypto
2023-10-31,36.33333634259592,Crypto
2023-11-01,40.08410623497283,Crypto
2023-11-02,41.93044170390252,Crypto
2023-11-03,39.15410211581487,Crypto
2023-11-04,41.45503138630296,Crypto
2023-11-05,41.53138994816977,Crypto
2023-11-06,40.55538181211833,Crypto
2023-11-07,41.94065994511712,Crypto
2023-11-08,43.17704211331331,Crypto
2023-11-09,45.15962110706953,Crypto
2023-11-10,49.80162284660756,Crypto
2023-11-11,57.14183765244335,Crypto
2023-11-12,57.94391119324801,Crypto
2023-11-13,56.37083788389807,Crypto
2023-11-14,54.77359738515371,Crypto
2023-11-15,60.89269562839444,Crypto
2023-11-16,63.60107827642589,Crypto
2023-11-17,58.10218555982907,Crypto
2023-11-18,57.55213459774815,Crypto
2023-11-19,59.86951879289828,Crypto
2023-11-20,59.20279792920336,Crypto
2023-11-21,55.399849942989576,Crypto
2023-11-22,55.22347920031105,Crypto
2023-11-23,57.51079419671797,Crypto
2023-11-24,57.48407253382489,Crypto
2023-11-25,58.58114036131699,Crypto
2023-11-26,57.90041641728919,Crypto
2023-11-27,55.5884780151576,Crypto
2023-11-28,56.15184584415231,Crypto
2023-11-29,59.60395193408001,Crypto
2023-11-30,59.89389549472103,Crypto
2023-12-01,60.49920821257422,Crypto
2023-12-02,61.92905978999912,Crypto
2023-12-03,63.524320352626646,Crypto
2023-12-04,62.51359296743723,Crypto
2023-12-05,60.58899056483351,Crypto
2023-12-06,63.58758967525813,Crypto
2023-12-07,64.45762885675524,Crypto
2023-12-08,72.04016484170492,Crypto
2023-12-09,75.0473681008126,Crypto
2023-12-10,73.03896999259153,Crypto
2023-12-11,69.75182960405566,Crypto
2023-12-12,69.85371048290864,Crypto
2023-12-13,67.492521390756,Crypto
2023-12-14,72.24103952903522,Crypto
2023-12-15,76.06961836918337,Crypto
2023-12-16,74.54279774095725,Crypto
2023-12-17,73.13904392747175,Crypto
2023-12-18,70.78243526980818,Crypto
2023-12-19,74.48028614498266,Crypto
2023-12-20,77.96177964496512,Crypto
2023-12-21,87.68219569182926,Crypto
2023-12-22,95.58990678643104,Crypto
2023-12-23,97.82502371721816,Crypto
2023-12-24,113.05276950546208,Crypto
2023-12-25,115.70721566569462,Crypto
2023-12-26,113.72171305564083,Crypto
2023-12-27,110.2173922018465,Crypto
2023-12-28,103.02881793678884,Crypto
2023-12-29,105.97473198120043,Crypto
2023-12-30,103.67027735077345,Crypto
2023-12-31,103.17338361931944,Crypto
2024-01-01,105.0935526685259,Crypto
2024-01-02,111.35165137751402,Crypto
2024-01-03,103.32100017294846,Crypto
2024-01-04,101.5799768364194,Crypto
2024-01-05,100.36598911391448,Crypto
2024-01-06,95.76740199619748,Crypto
2024-01-07,94.22682278142356,Crypto
2024-01-08,92.90599579053288,Crypto
2024-01-09,100.1029997336897,Crypto
2024-01-10,97.6003268542296,Crypto
2024-01-11,101.2417612742862,Crypto
2024-01-12,97.042810566572,Crypto
2024-01-13,92.9366804882518,Crypto
2024-01-14,97.4686366170488,Crypto
2024-01-15,95.30331717886776,Crypto
2024-01-16,96.64115122038784,Crypto
2024-01-17,99.88242691637272,Crypto
2024-01-18,98.14023764389007,Crypto
2024-01-19,93.3019277913824,Crypto
2024-01-20,92.36577100654732,Crypto
2024-01-21,92.65902605212725,Crypto
2024-01-22,87.73015304922316,Crypto
2024-01-23,82.52766805115012,Crypto
2024-01-24,86.06111160580633,Crypto
2024-01-25,87.53986531959882,Crypto
2024-01-26,90.09549160775396,Crypto
2024-01-27,92.59489047926388,Crypto
2024-01-28,96.2989875195878,Crypto
2024-01-29,98.33066628920844,Crypto
2024-01-30,103.80511621631696,Crypto
2024-01-31,99.99265986961618,Crypto
2024-02-01,95.86218383905604,Crypto
2024-02-02,99.93783348330012,Crypto
2024-02-03,98.77100882682484,Crypto
2024-02-04,97.27278216347337,Crypto
2024-02-05,96.32395389924773,Crypto
2024-02-06,95.67126735141883,Crypto
2024-02-07,96.7037403305586,Crypto
2024-02-08,102.26829226144775,Crypto
2024-02-09,105.32924169256232,Crypto
2024-02-10,108.81550329360924,Crypto
2024-02-11,108.81481784594696,Crypto
2024-02-12,107.35749214486653,Crypto
2024-02-13,112.79463021699593,Crypto
2024-02-14,114.75431411778736,Crypto
2024-02-15,115.37404944214116,Crypto
2024-02-16,111.40483755809468,Crypto
2024-02-17,108.89767191318438,Crypto
2024-02-18,111.00268252119092,Crypto
2024-02-19,112.4506472048404,Crypto
2024-02-20,108.8702614158458,Crypto
2024-02-21,104.46109735190583,Crypto
2024-02-22,104.3759049646212,Crypto
2024-02-23,101.692906344443,Crypto
2024-02-24,102.21539537028316,Crypto
2024-02-25,103.21679685193328,Crypto
2024-02-26,104.88334293496152,Crypto
2024-02-27,109.73240630966848,Crypto
2024-02-28,111.3784053826305,Crypto
2024-02-29,127.00315705700731,Crypto
2024-03-01,132.75321944419656,Crypto
2024-03-02,129.19615716947237,Crypto
2024-03-03,129.59940276628367,Crypto
2024-03-04,130.7267602231534,Crypto
2024-03-05,130.24497398708672,Crypto
2024-03-06,128.96324357548568,Crypto
2024-03-07,142.2127730885614,Crypto
2024-03-08,146.50652050030493,Crypto
2024-03-09,146.7059380841931,Crypto
2024-03-10,145.83994401150588,Crypto
2024-03-11,145.83283568789554,Crypto
2024-03-12,150.14617692822517,Crypto
2024-03-13,154.96517783772097,Crypto
2024-03-14,168.60260606716872,Crypto
2024-03-15,178.2898339138337,Crypto
2024-03-16,188.02952599606104,Crypto
2024-03-17,190.7752991993136,Crypto
2024-03-18,202.26040319956144,Crypto
2024-03-19,181.10594422777768,Crypto
2024-03-20,175.2710559714874,Crypto
2024-03-21,186.75637952656888,Crypto
2024-03-22,174.6525365071208,Crypto
2024-03-23,175.27968908998602,Crypto
2024-03-24,176.21250259790764,Crypto
2024-03-25,188.57799088224476,Crypto
2024-03-26,191.90678276481464,Crypto
2024-03-27,186.63204696649245,Crypto
2024-03-28,185.93630232962627,Crypto
2024-03-29,187.40017772278617,Crypto
2024-03-30,195.91862789811435,Crypto
2024-03-31,197.1498248592292,Crypto
2024-04-01,196.0969817022464,Crypto
2024-04-02,183.446451477342,Crypto
2024-04-03,187.3608431893532,Crypto
2024-04-04,185.26727915477247,Crypto
2024-04-05,175.71932557843317,Crypto
2024-04-06,176.70233997186847,Crypto
2024-04-07,180.22826225344903,Crypto
2024-04-08,179.9402763710785,Crypto
2024-04-09,175.80128268800746,Crypto
2024-04-10,170.65498842190323,Crypto
2024-04-11,173.31130080162075,Crypto
2024-04-12,166.92488762233523,Crypto
2024-04-13,147.01817324267935,Crypto
2024-04-14,141.2595408607687,Crypto
2024-04-15,146.7836486854054,Crypto
2024-04-16,134.74115345769468,Crypto
2024-04-17,135.60144961681644,Crypto
2024-04-18,135.83974417769412,Crypto
2024-04-19,142.3785996352991,Crypto
2024-04-20,145.2374744541185,Crypto
2024-04-21,150.2133934850685,Crypto
2024-04-22,153.32760271600657,Crypto
2024-04-23,156.3866040323048,Crypto
2024-04-24,154.75821751567923,Crypto
2024-04-25,146.55430922942577,Crypto
2024-04-26,143.2043638793234,Crypto
2024-04-27,138.07412599552725,Crypto
2024-04-28,142.3719452565533,Crypto
2024-04-29,135.8719604347768,Crypto
2024-04-30,130.564004957907,Crypto
2024-05-01,125.79731501749391,Crypto
2024-05-02,134.91553483902544,Crypto
2024-05-03,140.68520737823317,Crypto
2024-05-04,145.79182232811712,Crypto
2024-05-05,145.80045300335712,Crypto
2024-05-06,151.51743036709493,Crypto
2024-05-07,154.2436630277423,Crypto
2024-05-08,146.22437823220088,Crypto
2024-05-09,145.6108517473034,Crypto
2024-05-10,150.94117926807164,Crypto
2024-05-11,145.38921139733412,Crypto
2024-05-12,145.46172501517265,Crypto
2024-05-13,144.9745084504983,Crypto
2024-05-14,145.2446147313329,Crypto
2024-05-15,148.58338336430708,Crypto
2024-05-16,160.96023705917062,Crypto
2024-05-17,166.47046450041495,Crypto
2024-05-18,172.807748697507,Crypto
2024-05-19,171.499014017217,Crypto
2024-05-20,178.02705435714037,Crypto
2024-05-21,180.38651889174784,Crypto
2024-05-22,179.1342279960637,Crypto
2024-05-23,175.22499330417045,Crypto
2024-05-24,168.10348265931486,Crypto
2024-05-25,168.26956273930998,Crypto
2024-05-26,164.37872868195927,Crypto
2024-05-27,167.600239791867,Crypto
2024-05-28,168.37658514703887,Crypto
2024-05-29,169.57222963755015,Crypto
2024-05-30,167.92224308472984,Crypto
2024-05-31,166.65534197242656,Crypto
2024-06-01,166.99210775420687,Crypto
2024-06-02,164.82073346085588,Crypto
2024-06-03,164.93610764152638,Crypto
2024-06-04,167.02945158570483,Crypto
2024-06-05,173.2310763437078,Crypto
2024-06-06,172.3233181197464,Crypto
2024-06-07,168.69486593770975,Crypto
2024-06-08,161.14611143374955,Crypto
2024-06-09,160.17608776358028,Crypto
2024-06-10,160.21265711208025,Crypto
2024-06-11,152.604277520883,Crypto
2024-06-12,153.8030655090934,Crypto
2024-06-13,150.2526750600505,Crypto
2024-06-14,145.7163087126083,Crypto
2024-06-15,144.59198283349005,Crypto
2024-06-16,146.38209777059916,Crypto
2024-06-17,145.43805652522315,Crypto
2024-06-18,136.1673582256008,Crypto
2024-06-19,138.01487359894645,Crypto
2024-06-20,135.3037872023168,Crypto
2024-06-21,132.31912356823193,Crypto
2024-06-22,134.44723429274495,Crypto
2024-06-23,133.03942747703348,Crypto
2024-06-24,127.4372700080806,Crypto
2024-06-25,136.3924257627218,Crypto
2024-06-26,137.09103700204935,Crypto
2024-06-27,142.24762178962987,Crypto
2024-06-28,143.97157842713497,Crypto
2024-06-29,141.53099559583575,Crypto
2024-06-30,141.63116085604352,Crypto
2024-07-01,147.39591270147113,Crypto
2024-07-02,149.54242049048105,Crypto
2024-07-03,145.14941572258547,Crypto
2024-07-04,134.843898078462,Crypto
2024-07-05,130.12610391049168,Crypto
2024-07-06,138.98815096320183,Crypto
2024-07-07,138.79472384250732,Crypto
2024-07-08,136.52493349420408,Crypto
2024-07-09,141.22706417957755,Crypto
2024-07-10,142.07276130723122,Crypto
2024-07-11,140.4196581129976,Crypto
2024-07-12,137.15117125425175,Crypto
2024-07-13,139.757327799441,Crypto
2024-07-14,145.35224910750867,Crypto
2024-07-15,153.44079254860816,Crypto
2024-07-16,158.0639330367637,Crypto
2024-07-17,159.76791475158996,Crypto
2024-07-18,158.479050410225,Crypto
2024-07-19,164.7333757112192,Crypto
2024-07-20,170.59478573699573,Crypto
2024-07-21,175.1327764731031,Crypto
2024-07-22,180.38308602759187,Crypto
2024-07-23,175.72080558076271,Crypto
2024-07-24,176.55962706015427,Crypto
2024-07-25,170.66313836719632,Crypto
2024-07-26,179.0626939730305,Crypto
2024-07-27,184.1396033624683,Crypto
2024-07-28,184.4622244088141,Crypto
2024-07-29,189.00528723544613,Crypto
2024-07-30,180.70146286400964,Crypto
2024-07-31,180.06793767052793,Crypto
2024-08-01,167.1998173836724,Crypto
2024-08-02,160.04577537256753,Crypto
2024-08-03,148.7835569702374,Crypto
2024-08-04,141.7149324276068,Crypto
2024-08-05,126.1998395918154,Crypto
2024-08-06,142.15015960709576,Crypto
2024-08-07,149.24893459039876,Crypto
2024-08-08,155.36261266362845,Crypto
2024-08-09,156.20016911927925,Crypto
2024-08-10,154.53518340697366,Crypto
2024-08-11,151.58067917209237,Crypto
2024-08-12,145.33392902710483,Crypto
2024-08-13,146.11813655754224,Crypto
2024-08-14,145.7020569484289,Crypto
2024-08-15,143.22595671863456,Crypto
2024-08-16,141.38496376395327,Crypto
2024-08-17,140.1077928366583,Crypto
2024-08-18,143.89480142547256,Crypto
2024-08-19,143.0283662741205,Crypto
2024-08-20,145.05687078385907,Crypto
2024-08-21,142.23323579280205,Crypto
2024-08-22,142.98329745010105,Crypto
2024-08-23,146.36174635813288,Crypto
2024-08-24,157.2274995102811,Crypto
2024-08-25,158.7562497956943,Crypto
2024-08-26,159.1176406085034,Crypto
2024-08-27,155.25715638289984,Crypto
2024-08-28,145.5791458983637,Crypto
2024-08-29,143.71491915984143,Crypto
2024-08-30,138.0465639568989,Crypto
2024-08-31,136.97548254569196,Crypto
2024-09-01,132.88912336464048,Crypto
2024-09-02,131.453901296197,Crypto
2024-09-03,132.8419372605892,Crypto
2024-09-04,130.3830108333069,Crypto
2024-09-05,131.76744174139995,Crypto
2024-09-06,128.50317833402605,Crypto
2024-09-07,127.0968836509472,Crypto
2024-09-08,128.97040012275315,Crypto
2024-09-09,130.67811241923357,Crypto
2024-09-10,134.78109944627792,Crypto
2024-09-11,132.3559989917815,Crypto
2024-09-12,134.6660725718752,Crypto
2024-09-13,135.687037706382,Crypto
2024-09-14,137.85980710340698,Crypto
2024-09-15,135.77159242592202,Crypto
2024-09-16,131.24522398035575,Crypto
2024-09-17,132.28666774790733,Crypto
2024-09-18,130.35844810875884,Crypto
2024-09-19,140.1169105602998,Crypto
2024-09-20,147.41174835341104,Crypto
2024-09-21,147.34931472809637,Crypto
2024-09-22,145.73016185054672,Crypto
2024-09-23,144.74489621496673,Crypto
2024-09-24,147.0479896752318,Crypto
2024-09-25,150.6452934547739,Crypto
2024-09-26,152.4500017923837,Crypto
2024-09-27,157.05129434710656,Crypto
2024-09-28,156.58339880060373,Crypto
2024-09-29,156.8072452326902,Crypto
2024-09-30,155.80757571391197,Crypto
2024-10-01,151.81484763308467,Crypto
2024-10-02,145.0824237803105,Crypto
2024-10-03,138.17736940189013,Crypto
2024-10-04,140.55493051606908,Crypto
2024-10-05,143.12621200340453,Crypto
2024-10-06,144.30493063164195,Crypto
2024-10-07,148.0465941567902,Crypto
2024-10-08,143.72417815446667,Crypto
2024-10-09,142.1451439296625,Crypto
2024-10-10,138.69057902965403,Crypto
2024-10-11,142.8836187672836,Crypto
2024-10-12,146.26337015311637,Crypto
2024-10-13,146.48480385864875,Crypto
2024-10-14,153.21046001210163,Crypto
2024-10-15,154.81680411729107,Crypto
2024-10-16,154.7073120620816,Crypto
2024-10-17,152.0417524612337,Crypto
2024-10-18,153.64184885789086,Crypto
2024-10-19,155.58553013392924,Crypto
2024-10-20,160.13495366171057,Crypto
2024-10-21,167.11452576785493,Crypto
2024-10-22,167.1737543890592,Crypto
2024-10-23,167.36472066591665,Crypto
2024-10-24,174.686392393661,Crypto
2024-10-25,172.09856018267286,Crypto
2024-10-26,167.7068118905925,Crypto
2024-10-27,174.56522632290648,Crypto
2024-10-28,175.9695929747143,Crypto
2024-10-29,179.99870992141692,Crypto
2024-10-30,176.8969598326703,Crypto
2024-10-31,172.69574290818224,Crypto
2024-11-01,167.2089446780465,Crypto
2024-11-02,166.00587050701915,Crypto
2024-11-03,162.66728618602232,Crypto
2024-11-04,161.59210057126714,Crypto
2024-11-05,163.15312468593407,Crypto
2024-11-06,184.37454715062813,Crypto
2024-11-07,190.759655728725,Crypto
2024-11-08,200.00675127781,Crypto
2024-11-09,199.77819674668737,Crypto
2024-11-10,206.2937469543043,Crypto
2024-11-11,214.3010429713256,Crypto
2024-11-12,214.99529605037404,Crypto
2024-11-13,210.2093260938153,Crypto
2024-11-14,215.7133001014664,Crypto
2024-11-15,211.9381556156387,Crypto
2024-11-16,217.78404095550897,Crypto
2024-11-17,231.9712880813345,Crypto
2024-11-18,240.77052449454527,Crypto
2024-11-19,241.6835365053404,Crypto
2024-11-20,235.89440110771017,Crypto
2024-11-21,245.52256292765284,Crypto
2024-11-22,257.2670440936356,Crypto
2024-11-23,257.4594535819133,Crypto
2024-11-24,252.22930787047284,Crypto
2024-11-25,247.3154755595673,Crypto
2024-11-26,232.35436590118007,Crypto
2024-11-27,235.75360271730543,Crypto
2024-11-28,237.82321103305125,Crypto
2024-11-29,241.6531677636776,Crypto
2024-11-30,241.30607392017296,Crypto
2024-12-01,237.04367281631545,Crypto
2024-12-02,227.1351049046704,Crypto
2024-12-03,226.9198358035613,Crypto
2024-12-04,234.25157128967828,Crypto
2024-12-05,235.81855072893453,Crypto
2024-12-06,238.51077963778675,Crypto
2024-12-07,238.57865192130905,Crypto
2024-12-08,237.0862416942236,Crypto
2024-12-09,227.3331594279819,Crypto
2024-12-10,214.48955654282665,Crypto
2024-12-11,223.57945648563208,Crypto
2024-12-12,230.03310899892904,Crypto
2024-12-13,224.81004669749308,Crypto
2024-12-14,222.802367970974,Crypto
2024-12-15,219.903197415978,Crypto
2024-12-16,219.5332758974412,Crypto
2024-12-17,220.60387674924897,Crypto
2024-12-18,215.846466808606,Crypto
2024-12-19,204.2537808878738,Crypto
2024-12-20,190.04916249602624,Crypto
2024-12-21,189.85306371840628,Crypto
2024-12-22,182.65909070481976,Crypto
2024-12-23,184.47848429542864,Crypto
2024-12-24,192.96494928525448,Crypto
2024-12-25,198.21049331601847,Crypto
2024-12-26,191.32962051482107,Crypto
2024-12-27,188.01464286174257,Crypto
2024-12-28,188.51694242596744,Crypto
2024-12-29,193.84197278520384,Crypto
2024-12-30,191.5168208318817,Crypto
2024-12-31,192.66498420543044,Crypto
2025-01-01,190.84681780755187,Crypto
2025-01-02,204.83538283821852,Crypto
2025-01-03,212.47636595196795,Crypto
2025-01-04,216.21271132864996,Crypto
2025-01-05,214.6200264394055,Crypto
2025-01-06,216.92808840168047,Crypto
2025-01-07,211.95677338667195,Crypto
2025-01-08,196.96250864563504,Crypto
2025-01-09,190.99100844049968,Crypto
2025-01-10,189.1586402508616,Crypto
2025-01-11,187.03246348328963,Crypto
2025-01-12,187.72768388954927,Crypto
2025-01-13,181.01616231933176,Crypto
2025-01-14,186.24433822922992,Crypto
2025-01-15,193.10445166195964,Crypto
2025-01-16,193.10445166195964,Crypto
2025-01-17,216.33463413840224,Crypto
2025-01-18,240.23877951861405,Crypto
2025-01-19,268.6179233083596,Crypto
2025-01-20,250.54973898623336,Crypto
2025-01-21,242.26626595091128,Crypto
2025-01-22,257.215023804244,Crypto
2025-01-23,249.115709807514,Crypto
2025-01-24,260.0458621476461,Crypto
2025-01-25,252.37070274060332,Crypto
2025-01-26,255.14338392024973,Crypto
2025-01-27,230.96650281385283,Crypto
2025-01-28,235.45126629839328,Crypto
2025-01-29,230.66305683473072,Crypto
2025-01-30,239.3376598680724,Crypto
2025-01-31,235.83802960129904,Crypto
2025-02-01,226.9372819109361,Crypto
2025-02-02,209.4355027130774,Crypto
2025-02-03,201.2515108089864,Crypto
2025-02-04,210.8237031639933,Crypto
2025-02-05,203.25805200099165,Crypto
2025-02-06,197.0211668751786,Crypto
2025-02-07,194.79373164954205,Crypto
2025-02-08,194.41878033576228,Crypto
2025-02-09,201.35016331227672,Crypto
2025-02-10,202.68378178997688,Crypto
2025-02-11,200.8718578702874,Crypto
2025-02-12,195.14599653529967,Crypto
2025-02-13,193.710071225229,Crypto
2025-02-14,198.589923997782,Crypto
2025-02-15,195.95181285957813,Crypto
2025-02-16,192.84438996988743,Crypto
2025-02-17,184.0860911981948,Crypto
2025-02-18,170.74080364445044,Crypto
2025-02-19,170.9117124589922,Crypto
2025-02-20,174.72610025169917,Crypto
2025-02-21,176.18258757422646,Crypto
2025-02-22,174.49112725054627,Crypto
2025-02-23,174.0253758417535,Crypto
2025-02-24,157.77234017528144,Crypto
2025-02-25,140.15793677170103,Crypto
2025-02-26,138.71447400753365,Crypto
2025-02-27,138.5021131221733,Crypto
2025-02-28,137.25457997600225,Crypto
2025-03-01,142.67940819793796,Crypto
2025-03-02,153.45246014855462,Crypto
2025-03-03,160.38531986538703,Crypto
2025-03-04,139.35554340273796,Crypto
2025-03-05,144.19994571817097,Crypto
2025-03-06,147.2900651037317,Crypto
2025-03-07,143.0788277737464,Crypto
2025-03-08,138.16946728110227,Crypto
2025-03-09,133.99278188220643,Crypto
2025-03-10,124.32886385810596,Crypto
2025-03-11,123.32759964879924,Crypto
2025-03-12,124.74641125594772,Crypto
2025-03-13,124.35482843210112,Crypto
2025-03-14,128.49710000916647,Crypto
2025-03-15,134.32591825153827,Crypto
2025-03-16,131.41991337456108,Crypto
2025-03-17,128.37938841718565,Crypto
2025-03-18,124.33543175106786,Crypto
2025-03-19,128.93682378176723,Crypto
2025-03-20,131.06080646335695,Crypto
2025-03-21,127.56729283540734,Crypto
2025-03-22,129.3249749931907,Crypto
2025-03-23,131.20155928759644,Crypto
2025-03-24,140.13707281963084,Crypto
2025-03-25,142.49290254349734,Crypto
2025-03-26,141.47330596734616,Crypto
2025-03-27,138.56922227142857,Crypto
2025-03-28,132.1231102636,Crypto
2025-03-29,126.40351833852716,Crypto
2025-03-30,125.34002234082084,Crypto
2025-03-31,125.48823047494048,Crypto
2025-04-01,126.86967866204871,Crypto
